step,epoch,accuracy,rouge1,rougeL,bleu,masked_accuracy,meteor,chrf,fuzzy,len_ratio,bertscore_f1,semantic_similarity,rag_rouge1,rag_rougeL,rag_bleu,rag_meteor,rag_chrf,rag_fuzzy,rag_len_ratio,rag_bertscore_f1,rag_semantic_similarity,train_loss,grad_norm,learning_rate,eval_loss,eval_runtime,eval_samples_per_second,eval_steps_per_second
0,0.0,0.0,0.019232652198926708,0.019144111893915815,0.007733575578974157,0.16153899336283187,0.048094137612627104,0.2011256168757542,0.333287747283603,2.3796225947692613,0.8239770531654358,0.38775680176830957,0.02664959639394422,0.026614040838388663,0.005224291304513417,0.057880324464664984,0.19232439486928785,0.2901012014196965,3.922893053845111,0.8203475475311279,0.3700627994785706,0.0,0.0,0.0,12.079194068908691,2.5324,177.698,44.622
