step,epoch,accuracy,rouge1,rougeL,bleu,masked_accuracy,meteor,chrf,fuzzy,len_ratio,bertscore_f1,semantic_similarity,rag_rouge1,rag_rougeL,rag_bleu,rag_meteor,rag_chrf,rag_fuzzy,rag_len_ratio,rag_bertscore_f1,rag_semantic_similarity,train_loss,grad_norm,learning_rate,eval_loss,eval_runtime,eval_samples_per_second,eval_steps_per_second
0,0.0,0.0,0.6369248965125542,0.6369248965125542,0.7729282832967278,0.16751583752707955,0.9631140344319072,0.9431372870137893,0.8679694684152809,1.3149210519691712,0.9838018417358398,0.9869637467861175,0.23892556524486908,0.23361152217096368,0.2809715860611506,0.41408353701791734,0.4929509127248279,0.521616016110794,1.123457702904064,0.8848133683204651,0.6921096798479557,0.0,0.0,0.0,5.256321430206299,6.0964,73.814,18.535
