step,epoch,accuracy,rouge1,rougeL,bleu,masked_accuracy,meteor,chrf,fuzzy,len_ratio,bertscore_f1,semantic_similarity,rag_rouge1,rag_rougeL,rag_bleu,rag_meteor,rag_chrf,rag_fuzzy,rag_len_ratio,rag_bertscore_f1,rag_semantic_similarity,train_loss,grad_norm,learning_rate,eval_loss,eval_runtime,eval_samples_per_second,eval_steps_per_second
0,0.0,0.0,0.0051545017558089455,0.0051545017558089455,0.0016200814130176045,0.03671650502873563,0.008535078453089338,0.04477708848579623,0.15917662523880927,0.4343738847324581,0.7862382531166077,0.16034719344210244,0.02263484518386479,0.02263484518386479,0.039073278980923776,0.09053113191010528,0.196582106099321,0.33951474157013806,1.2642417991219417,0.8388840556144714,0.3916115434373646,0.0,0.0,0.0,25.939855575561523,8.714,52.674,6.656
